date,usage_kwh,day_of_week,month,is_weekend,is_anomaly,bill
2022-01-01,0.038007,5,1,1,False,0.13
2022-01-02,0.038439,6,1,1,False,0.13
2022-01-03,0.039032,0,1,0,False,0.14
2022-01-04,0.039838,1,1,0,False,0.14
2022-01-05,0.040118,2,1,0,False,0.14
2022-01-06,0.040019,3,1,0,False,0.14
2022-01-07,0.038793,4,1,0,False,0.13
2022-01-08,0.039023,5,1,1,False,0.14
2022-01-09,0.039578,6,1,1,False,0.14
2022-01-10,0.037801,0,1,0,False,0.13
2022-01-11,0.04158,1,1,0,False,0.14
2022-01-12,0.041135,2,1,0,False,0.14
2022-01-13,0.03818,3,1,0,False,0.13
2022-01-14,0.037128999999999995,4,1,0,False,0.13
2022-01-15,0.038467,5,1,1,False,0.13
2022-01-16,0.038738,6,1,1,False,0.13
2022-01-17,0.041458,0,1,0,False,0.14
2022-01-18,0.038674,1,1,0,False,0.13
2022-01-19,0.039909999999999994,2,1,0,False,0.14
2022-01-20,0.041049999999999996,3,1,0,False,0.14
2022-01-21,0.040957,4,1,0,False,0.14
2022-01-22,0.041972999999999996,5,1,1,False,0.15
2022-01-23,0.041403999999999996,6,1,1,False,0.14
2022-01-24,0.040459,0,1,0,False,0.14
2022-01-25,0.037007,1,1,0,False,0.13
2022-01-26,0.038031999999999996,2,1,0,False,0.13
2022-01-27,0.038636000000000004,3,1,0,False,0.13
2022-01-28,0.036149,4,1,0,False,0.13
2022-01-29,0.03946,5,1,1,False,0.14
2022-01-30,0.039838,6,1,1,False,0.14
2022-01-31,0.038625,0,1,0,False,0.13
2022-02-01,0.03982,1,2,0,False,0.14
2022-02-02,0.039471000000000006,2,2,0,False,0.14
2022-02-03,0.04268,3,2,0,False,0.15
2022-02-04,0.039159,4,2,0,False,0.14
2022-02-05,0.038448,5,2,1,False,0.13
2022-02-06,0.03677299999999999,6,2,1,False,0.13
2022-02-07,0.038098999999999994,0,2,0,False,0.13
2022-02-08,0.039835999999999996,1,2,0,False,0.14
2022-02-09,0.038106,2,2,0,False,0.13
2022-02-10,0.038233,3,2,0,False,0.13
2022-02-11,0.041936,4,2,0,False,0.15
2022-02-12,0.041484,5,2,1,False,0.14
2022-02-13,0.040792,6,2,1,False,0.14
2022-02-14,0.039174,0,2,0,False,0.14
2022-02-15,0.04036,1,2,0,False,0.14
2022-02-16,0.040052,2,2,0,False,0.14
2022-02-17,0.042059,3,2,0,False,0.15
2022-02-18,0.040168,4,2,0,False,0.14
2022-02-19,0.041427,5,2,1,False,0.14
2022-02-20,0.039731,6,2,1,False,0.14
2022-02-21,0.039924,0,2,0,False,0.14
2022-02-22,0.038311,1,2,0,False,0.13
2022-02-23,0.037728000000000005,2,2,0,False,0.13
2022-02-24,0.039834,3,2,0,False,0.14
2022-02-25,0.039185000000000005,4,2,0,False,0.14
2022-02-26,0.041549,5,2,1,False,0.14
2022-02-27,0.03909000000000001,6,2,1,False,0.14
2022-02-28,0.037781,0,2,0,False,0.13
2022-03-01,0.038284,1,3,0,False,0.13
2022-03-02,0.041222,2,3,0,False,0.14
2022-03-03,0.039966,3,3,0,False,0.14
2022-03-04,0.040477,4,3,0,False,0.14
2022-03-05,0.038424999999999994,5,3,1,False,0.13
2022-03-06,0.040504,6,3,1,False,0.14
2022-03-07,0.038464,0,3,0,False,0.13
2022-03-08,0.037107,1,3,0,False,0.13
2022-03-09,0.039778,2,3,0,False,0.14
2022-03-10,0.039839,3,3,0,False,0.14
2022-03-11,0.040951,4,3,0,False,0.14
2022-03-12,0.040368,5,3,1,False,0.14
2022-03-13,0.037088,6,3,1,False,0.13
2022-03-14,0.037621,0,3,0,False,0.13
2022-03-15,0.040749,1,3,0,False,0.14
2022-03-16,0.037757,2,3,0,False,0.13
2022-03-17,0.037464,3,3,0,False,0.13
2022-03-18,0.040352000000000006,4,3,0,False,0.14
2022-03-19,0.040411,5,3,1,False,0.14
2022-03-20,0.039753,6,3,1,False,0.14
2022-03-21,0.039864000000000004,0,3,0,False,0.14
2022-03-22,0.038573,1,3,0,False,0.13
2022-03-23,0.039429,2,3,0,False,0.14
2022-03-24,0.039639,3,3,0,False,0.14
2022-03-25,0.036403,4,3,0,False,0.13
2022-03-26,0.037863999999999995,5,3,1,False,0.13
2022-03-27,0.039091,6,3,1,False,0.14
2022-03-28,0.039911,0,3,0,False,0.14
2022-03-29,0.041250999999999996,1,3,0,False,0.14
2022-03-30,0.040091,2,3,0,False,0.14
2022-03-31,0.038416,3,3,0,False,0.13
2022-04-01,0.064991,4,4,0,False,0.22
2022-04-02,0.063079,5,4,1,False,0.22
2022-04-03,0.058997,6,4,1,False,0.2
2022-04-04,0.062755,0,4,0,False,0.22
2022-04-05,0.062594,1,4,0,False,0.22
2022-04-06,0.061200000000000004,2,4,0,False,0.21
2022-04-07,0.06555899999999999,3,4,0,False,0.23
2022-04-08,0.06718,4,4,0,False,0.23
2022-04-09,0.06228,5,4,1,False,0.22
2022-04-10,0.062496,6,4,1,False,0.22
2022-04-11,0.05984299999999999,0,4,0,False,0.21
2022-04-12,0.061979,1,4,0,False,0.21
2022-04-13,0.061370999999999995,2,4,0,False,0.21
2022-04-14,0.065483,3,4,0,False,0.23
2022-04-15,0.064275,4,4,0,False,0.22
2022-04-16,0.063851,5,4,1,False,0.22
2022-04-17,0.066163,6,4,1,False,0.23
2022-04-18,0.063167,0,4,0,False,0.22
2022-04-19,0.060862,1,4,0,False,0.21
2022-04-20,0.062973,2,4,0,False,0.22
2022-04-21,0.063791,3,4,0,False,0.22
2022-04-22,0.062933,4,4,0,False,0.22
2022-04-23,0.058921,5,4,1,False,0.2
2022-04-24,0.063152,6,4,1,False,0.22
2022-04-25,0.06370300000000001,0,4,0,False,0.22
2022-04-26,0.06507600000000001,1,4,0,False,0.23
2022-04-27,0.06651399999999999,2,4,0,False,0.23
2022-04-28,0.06553700000000001,3,4,0,False,0.23
2022-04-29,0.058355,4,4,0,False,0.2
2022-04-30,0.065139,5,4,1,False,0.23
2022-05-01,0.061613,6,5,1,False,0.21
2022-05-02,0.060615999999999996,0,5,0,False,0.21
2022-05-03,0.065307,1,5,0,False,0.23
2022-05-04,0.06242,2,5,0,False,0.22
2022-05-05,0.063825,3,5,0,False,0.22
2022-05-06,0.063225,4,5,0,False,0.22
2022-05-07,0.065812,5,5,1,False,0.23
2022-05-08,0.060018,6,5,1,False,0.21
2022-05-09,0.061951,0,5,0,False,0.21
2022-05-10,0.06619799999999999,1,5,0,False,0.23
2022-05-11,0.061667,2,5,0,False,0.21
2022-05-12,0.059993000000000005,3,5,0,False,0.21
2022-05-13,0.063471,4,5,0,False,0.22
2022-05-14,0.064568,5,5,1,False,0.22
2022-05-15,0.063963,6,5,1,False,0.22
2022-05-16,0.064249,0,5,0,False,0.22
2022-05-17,0.060643999999999997,1,5,0,False,0.21
2022-05-18,0.06394,2,5,0,False,0.22
2022-05-19,0.062559,3,5,0,False,0.22
2022-05-20,0.064234,4,5,0,False,0.22
2022-05-21,0.06529900000000001,5,5,1,False,0.23
2022-05-22,0.065312,6,5,1,False,0.23
2022-05-23,0.064613,0,5,0,False,0.22
2022-05-24,0.060085,1,5,0,False,0.21
2022-05-25,0.061903999999999994,2,5,0,False,0.21
2022-05-26,0.062287999999999996,3,5,0,False,0.22
2022-05-27,0.060105,4,5,0,False,0.21
2022-05-28,0.065213,5,5,1,False,0.23
2022-05-29,0.065691,6,5,1,False,0.23
2022-05-30,0.06398899999999999,0,5,0,False,0.22
2022-05-31,0.061197,1,5,0,False,0.21
2022-06-01,0.061397,2,6,0,False,0.21
2022-06-02,0.063388,3,6,0,False,0.22
2022-06-03,0.063392,4,6,0,False,0.22
2022-06-04,0.063288,5,6,1,False,0.22
2022-06-05,0.061578,6,6,1,False,0.21
2022-06-06,0.064689,0,6,0,False,0.22
2022-06-07,0.062592,1,6,0,False,0.22
2022-06-08,0.061165,2,6,0,False,0.21
2022-06-09,0.063733,3,6,0,False,0.22
2022-06-10,0.060826,4,6,0,False,0.21
2022-06-11,0.064027,5,6,1,False,0.22
2022-06-12,0.061398,6,6,1,False,0.21
2022-06-13,0.06421600000000001,0,6,0,False,0.22
2022-06-14,0.06392300000000001,1,6,0,False,0.22
2022-06-15,0.063603,2,6,0,False,0.22
2022-06-16,0.06409000000000001,3,6,0,False,0.22
2022-06-17,0.06428,4,6,0,False,0.22
2022-06-18,0.062807,5,6,1,False,0.22
2022-06-19,0.064952,6,6,1,False,0.22
2022-06-20,0.062627,0,6,0,False,0.22
2022-06-21,0.062411,1,6,0,False,0.22
2022-06-22,0.064006,2,6,0,False,0.22
2022-06-23,0.05942,3,6,0,False,0.21
2022-06-24,0.063332,4,6,0,False,0.22
2022-06-25,0.064275,5,6,1,False,0.22
2022-06-26,0.06229,6,6,1,False,0.22
2022-06-27,0.064641,0,6,0,False,0.22
2022-06-28,0.06522,1,6,0,False,0.23
2022-06-29,0.06448699999999999,2,6,0,False,0.22
2022-06-30,0.062574,3,6,0,False,0.22
2022-07-01,0.061747,4,7,0,False,0.21
2022-07-02,0.060962,5,7,1,False,0.21
2022-07-03,0.06400499999999999,6,7,1,False,0.22
2022-07-04,0.063058,0,7,0,False,0.22
2022-07-05,0.062483000000000004,1,7,0,False,0.22
2022-07-06,0.062045,2,7,0,False,0.21
2022-07-07,0.06531100000000001,3,7,0,False,0.23
2022-07-08,0.061436,4,7,0,False,0.21
2022-07-09,0.06299300000000001,5,7,1,False,0.22
2022-07-10,0.062094,6,7,1,False,0.21
2022-07-11,0.064795,0,7,0,False,0.22
2022-07-12,0.061667,1,7,0,False,0.21
2022-07-13,0.06507600000000001,2,7,0,False,0.23
2022-07-14,0.065988,3,7,0,False,0.23
2022-07-15,0.063205,4,7,0,False,0.22
2022-07-16,0.061759999999999995,5,7,1,False,0.21
2022-07-17,0.063768,6,7,1,False,0.22
2022-07-18,0.063745,0,7,0,False,0.22
2022-07-19,0.059387999999999996,1,7,0,False,0.21
2022-07-20,0.0629,2,7,0,False,0.22
2022-07-21,0.062732,3,7,0,False,0.22
2022-07-22,0.063691,4,7,0,False,0.22
2022-07-23,0.06587,5,7,1,False,0.23
2022-07-24,0.063204,6,7,1,False,0.22
2022-07-25,0.06448699999999999,0,7,0,False,0.22
2022-07-26,0.060932,1,7,0,False,0.21
2022-07-27,0.059572,2,7,0,False,0.21
2022-07-28,0.059162,3,7,0,False,0.2
2022-07-29,0.061446,4,7,0,False,0.21
2022-07-30,0.060935,5,7,1,False,0.21
2022-07-31,0.06489400000000001,6,7,1,False,0.22
2022-08-01,0.03935,0,8,0,False,0.14
2022-08-02,0.039015999999999995,1,8,0,False,0.13
2022-08-03,0.039792,2,8,0,False,0.14
2022-08-04,0.039852000000000005,3,8,0,False,0.14
2022-08-05,0.039436,4,8,0,False,0.14
2022-08-06,0.039694,5,8,1,False,0.14
2022-08-07,0.035719,6,8,1,False,0.12
2022-08-08,0.03768,0,8,0,False,0.13
2022-08-09,0.037646,1,8,0,False,0.13
2022-08-10,0.040701999999999995,2,8,0,False,0.14
2022-08-11,0.038207,3,8,0,False,0.13
2022-08-12,0.038780999999999996,4,8,0,False,0.13
2022-08-13,0.037448,5,8,1,False,0.13
2022-08-14,0.041504,6,8,1,False,0.14
2022-08-15,0.037651000000000004,0,8,0,False,0.13
2022-08-16,0.041432000000000004,1,8,0,False,0.14
2022-08-17,0.036853000000000004,2,8,0,False,0.13
2022-08-18,0.038371,3,8,0,False,0.13
2022-08-19,0.038872,4,8,0,False,0.13
2022-08-20,0.039816000000000004,5,8,1,False,0.14
2022-08-21,0.040421,6,8,1,False,0.14
2022-08-22,0.04151,0,8,0,False,0.14
2022-08-23,0.041419,1,8,0,False,0.14
2022-08-24,0.039835999999999996,2,8,0,False,0.14
2022-08-25,0.040792999999999996,3,8,0,False,0.14
2022-08-26,0.039567,4,8,0,False,0.14
2022-08-27,0.036944000000000005,5,8,1,False,0.13
2022-08-28,0.037215000000000005,6,8,1,False,0.13
2022-08-29,0.040506,0,8,0,False,0.14
2022-08-30,0.039606,1,8,0,False,0.14
2022-08-31,0.036926,2,8,0,False,0.13
2022-09-01,0.038482,3,9,0,False,0.13
2022-09-02,0.040063,4,9,0,False,0.14
2022-09-03,0.038265,5,9,1,False,0.13
2022-09-04,0.039917,6,9,1,False,0.14
2022-09-05,0.038221000000000005,0,9,0,False,0.13
2022-09-06,0.039899000000000004,1,9,0,False,0.14
2022-09-07,0.040448,2,9,0,False,0.14
2022-09-08,0.040670000000000005,3,9,0,False,0.14
2022-09-09,0.037973,4,9,0,False,0.13
2022-09-10,0.039021,5,9,1,False,0.14
2022-09-11,0.037734000000000004,6,9,1,False,0.13
2022-09-12,0.038932,0,9,0,False,0.13
2022-09-13,0.03975,1,9,0,False,0.14
2022-09-14,0.038843,2,9,0,False,0.13
2022-09-15,0.040371000000000004,3,9,0,False,0.14
2022-09-16,0.041116,4,9,0,False,0.14
2022-09-17,0.040853,5,9,1,False,0.14
2022-09-18,0.03904,6,9,1,False,0.14
2022-09-19,0.040863,0,9,0,False,0.14
2022-09-20,0.039605,1,9,0,False,0.14
2022-09-21,0.03811,2,9,0,False,0.13
2022-09-22,0.039394,3,9,0,False,0.14
2022-09-23,0.040451999999999995,4,9,0,False,0.14
2022-09-24,0.040829,5,9,1,False,0.14
2022-09-25,0.041493,6,9,1,False,0.14
2022-09-26,0.039178,0,9,0,False,0.14
2022-09-27,0.038564999999999995,1,9,0,False,0.13
2022-09-28,0.040033,2,9,0,False,0.14
2022-09-29,0.036857999999999995,3,9,0,False,0.13
2022-09-30,0.043324,4,9,0,False,0.15
2022-10-01,0.037878999999999996,5,10,1,False,0.13
2022-10-02,0.039297,6,10,1,False,0.14
2022-10-03,0.038183,0,10,0,False,0.13
2022-10-04,0.037994,1,10,0,False,0.13
2022-10-05,0.037721,2,10,0,False,0.13
2022-10-06,0.039743,3,10,0,False,0.14
2022-10-07,0.037639000000000006,4,10,0,False,0.13
2022-10-08,0.03879,5,10,1,False,0.13
2022-10-09,0.039167,6,10,1,False,0.14
2022-10-10,0.037628999999999996,0,10,0,False,0.13
2022-10-11,0.037923,1,10,0,False,0.13
2022-10-12,0.040586,2,10,0,False,0.14
2022-10-13,0.038926,3,10,0,False,0.13
2022-10-14,0.041385,4,10,0,False,0.14
2022-10-15,0.039793999999999996,5,10,1,False,0.14
2022-10-16,0.040790999999999994,6,10,1,False,0.14
2022-10-17,0.038547,0,10,0,False,0.13
2022-10-18,0.037778,1,10,0,False,0.13
2022-10-19,0.037524,2,10,0,False,0.13
2022-10-20,0.038103000000000005,3,10,0,False,0.13
2022-10-21,0.039860999999999994,4,10,0,False,0.14
2022-10-22,0.039158,5,10,1,False,0.14
2022-10-23,0.038121,6,10,1,False,0.13
2022-10-24,0.040272999999999996,0,10,0,False,0.14
2022-10-25,0.039214,1,10,0,False,0.14
2022-10-26,0.040252,2,10,0,False,0.14
2022-10-27,0.038057,3,10,0,False,0.13
2022-10-28,0.039285,4,10,0,False,0.14
2022-10-29,0.038541,5,10,1,False,0.13
2022-10-30,0.039683,6,10,1,False,0.14
2022-10-31,0.03945,0,10,0,False,0.14
2022-11-01,0.0395,1,11,0,False,0.14
2022-11-02,0.039056,2,11,0,False,0.14
2022-11-03,0.038121,3,11,0,False,0.13
2022-11-04,0.040263999999999994,4,11,0,False,0.14
2022-11-05,0.03843,5,11,1,False,0.13
2022-11-06,0.040737,6,11,1,False,0.14
2022-11-07,0.042621,0,11,0,False,0.15
2022-11-08,0.039026,1,11,0,False,0.14
2022-11-09,0.039573,2,11,0,False,0.14
2022-11-10,0.041871000000000005,3,11,0,False,0.14
2022-11-11,0.038774,4,11,0,False,0.13
2022-11-12,0.037296,5,11,1,False,0.13
2022-11-13,0.041318,6,11,1,False,0.14
2022-11-14,0.040951999999999995,0,11,0,False,0.14
2022-11-15,0.042141,1,11,0,False,0.15
2022-11-16,0.03997,2,11,0,False,0.14
2022-11-17,0.041034,3,11,0,False,0.14
2022-11-18,0.042835,4,11,0,False,0.15
2022-11-19,0.038119999999999994,5,11,1,False,0.13
2022-11-20,0.03898,6,11,1,False,0.13
2022-11-21,0.039672,0,11,0,False,0.14
2022-11-22,0.03896,1,11,0,False,0.13
2022-11-23,0.037841,2,11,0,False,0.13
2022-11-24,0.038775,3,11,0,False,0.13
2022-11-25,0.039589,4,11,0,False,0.14
2022-11-26,0.039604,5,11,1,False,0.14
2022-11-27,0.038237,6,11,1,False,0.13
2022-11-28,0.038396,0,11,0,False,0.13
2022-11-29,0.038859000000000005,1,11,0,False,0.13
2022-11-30,0.038893000000000004,2,11,0,False,0.13
2022-12-01,0.038474,3,12,0,False,0.13
2022-12-02,0.040534999999999995,4,12,0,False,0.14
2022-12-03,0.040778999999999996,5,12,1,False,0.14
2022-12-04,0.041195999999999997,6,12,1,False,0.14
2022-12-05,0.038888,0,12,0,False,0.13
2022-12-06,0.039021,1,12,0,False,0.14
2022-12-07,0.040930999999999995,2,12,0,False,0.14
2022-12-08,0.039881,3,12,0,False,0.14
2022-12-09,0.040119999999999996,4,12,0,False,0.14
2022-12-10,0.040219,5,12,1,False,0.14
2022-12-11,0.040601,6,12,1,False,0.14
2022-12-12,0.040315,0,12,0,False,0.14
2022-12-13,0.040507,1,12,0,False,0.14
2022-12-14,0.03909000000000001,2,12,0,False,0.14
2022-12-15,0.038177,3,12,0,False,0.13
2022-12-16,0.038969000000000004,4,12,0,False,0.13
2022-12-17,0.038335,5,12,1,False,0.13
2022-12-18,0.041902999999999996,6,12,1,False,0.14
2022-12-19,0.039731,0,12,0,False,0.14
2022-12-20,0.039189999999999996,1,12,0,False,0.14
2022-12-21,0.041028,2,12,0,False,0.14
2022-12-22,0.037663,3,12,0,False,0.13
2022-12-23,0.040341999999999996,4,12,0,False,0.14
2022-12-24,0.040081000000000006,5,12,1,False,0.14
2022-12-25,0.040839999999999994,6,12,1,False,0.14
2022-12-26,0.040402,0,12,0,False,0.14
2022-12-27,0.040487999999999996,1,12,0,False,0.14
2022-12-28,0.03939,2,12,0,False,0.14
2022-12-29,0.037448,3,12,0,False,0.13
2022-12-30,0.040518,4,12,0,False,0.14
2022-12-31,0.037518,5,12,1,False,0.13
2023-01-01,0.040387,6,1,1,False,0.14
2023-01-02,0.037642,0,1,0,False,0.13
2023-01-03,0.040398,1,1,0,False,0.14
2023-01-04,0.036872,2,1,0,False,0.13
2023-01-05,0.039833,3,1,0,False,0.14
2023-01-06,0.038593,4,1,0,False,0.13
2023-01-07,0.040091999999999996,5,1,1,False,0.14
2023-01-08,0.042241,6,1,1,False,0.15
2023-01-09,0.037520000000000005,0,1,0,False,0.13
2023-01-10,0.041055,1,1,0,False,0.14
2023-01-11,0.038884999999999996,2,1,0,False,0.13
2023-01-12,0.040100000000000004,3,1,0,False,0.14
2023-01-13,0.038979999999999994,4,1,0,False,0.13
2023-01-14,0.040784999999999995,5,1,1,False,0.14
2023-01-15,0.040026,6,1,1,False,0.14
2023-01-16,0.041499,0,1,0,False,0.14
2023-01-17,0.037927,1,1,0,False,0.13
2023-01-18,0.041675,2,1,0,False,0.14
2023-01-19,0.040351,3,1,0,False,0.14
2023-01-20,0.037850999999999996,4,1,0,False,0.13
2023-01-21,0.039441000000000004,5,1,1,False,0.14
2023-01-22,0.040737999999999996,6,1,1,False,0.14
2023-01-23,0.040124,0,1,0,False,0.14
2023-01-24,0.040078,1,1,0,False,0.14
2023-01-25,0.040349,2,1,0,False,0.14
2023-01-26,0.040523,3,1,0,False,0.14
2023-01-27,0.041169,4,1,0,False,0.14
2023-01-28,0.039157000000000004,5,1,1,False,0.14
2023-01-29,0.039875,6,1,1,False,0.14
2023-01-30,0.039894,0,1,0,False,0.14
2023-01-31,0.039138,1,1,0,False,0.14
2023-02-01,0.039390999999999995,2,2,0,False,0.14
2023-02-02,0.038128,3,2,0,False,0.13
2023-02-03,0.038692,4,2,0,False,0.13
2023-02-04,0.038527,5,2,1,False,0.13
2023-02-05,0.039042,6,2,1,False,0.14
2023-02-06,0.040485,0,2,0,False,0.14
2023-02-07,0.039083,1,2,0,False,0.14
2023-02-08,0.041305999999999995,2,2,0,False,0.14
2023-02-09,0.038676,3,2,0,False,0.13
2023-02-10,0.037606,4,2,0,False,0.13
2023-02-11,0.041412,5,2,1,False,0.14
2023-02-12,0.038179000000000005,6,2,1,False,0.13
2023-02-13,0.040867,0,2,0,False,0.14
2023-02-14,0.037894,1,2,0,False,0.13
2023-02-15,0.038844000000000004,2,2,0,False,0.13
2023-02-16,0.037259,3,2,0,False,0.13
2023-02-17,0.038152,4,2,0,False,0.13
2023-02-18,0.039905,5,2,1,False,0.14
2023-02-19,0.038666,6,2,1,False,0.13
2023-02-20,0.041776,0,2,0,False,0.14
2023-02-21,0.039992,1,2,0,False,0.14
2023-02-22,0.039679,2,2,0,False,0.14
2023-02-23,0.038256,3,2,0,False,0.13
2023-02-24,0.039993,4,2,0,False,0.14
2023-02-25,0.039062,5,2,1,False,0.14
2023-02-26,0.04147700000000001,6,2,1,False,0.14
2023-02-27,0.042357,0,2,0,False,0.15
2023-02-28,0.037621,1,2,0,False,0.13
2023-03-01,0.036109,2,3,0,False,0.12
2023-03-02,0.040747,3,3,0,False,0.14
2023-03-03,0.038297,4,3,0,False,0.13
2023-03-04,0.040168999999999996,5,3,1,False,0.14
2023-03-05,0.041425,6,3,1,False,0.14
2023-03-06,0.038619,0,3,0,False,0.13
2023-03-07,0.038145,1,3,0,False,0.13
2023-03-08,0.038039,2,3,0,False,0.13
2023-03-09,0.040192,3,3,0,False,0.14
2023-03-10,0.038853,4,3,0,False,0.13
2023-03-11,0.039263,5,3,1,False,0.14
2023-03-12,0.039061,6,3,1,False,0.14
2023-03-13,0.037135,0,3,0,False,0.13
2023-03-14,0.042321,1,3,0,False,0.15
2023-03-15,0.040139,2,3,0,False,0.14
2023-03-16,0.038879,3,3,0,False,0.13
2023-03-17,0.039567,4,3,0,False,0.14
2023-03-18,0.038208,5,3,1,False,0.13
2023-03-19,0.038984000000000005,6,3,1,False,0.13
2023-03-20,0.039413,0,3,0,False,0.14
2023-03-21,0.037662,1,3,0,False,0.13
2023-03-22,0.038223,2,3,0,False,0.13
2023-03-23,0.040048,3,3,0,False,0.14
2023-03-24,0.040409,4,3,0,False,0.14
2023-03-25,0.040674,5,3,1,False,0.14
2023-03-26,0.039671,6,3,1,False,0.14
2023-03-27,0.039825000000000006,0,3,0,False,0.14
2023-03-28,0.040199,1,3,0,False,0.14
2023-03-29,0.041051000000000004,2,3,0,False,0.14
2023-03-30,0.036761,3,3,0,False,0.13
2023-03-31,0.038617,4,3,0,False,0.13
2023-04-01,0.064331,5,4,1,False,0.22
2023-04-02,0.062316,6,4,1,False,0.22
2023-04-03,0.06296800000000001,0,4,0,False,0.22
2023-04-04,0.062897,1,4,0,False,0.22
2023-04-05,0.062785,2,4,0,False,0.22
2023-04-06,0.063446,3,4,0,False,0.22
2023-04-07,0.061683,4,4,0,False,0.21
2023-04-08,0.06307,5,4,1,False,0.22
2023-04-09,0.063762,6,4,1,False,0.22
2023-04-10,0.061604,0,4,0,False,0.21
2023-04-11,0.065611,1,4,0,False,0.23
2023-04-12,0.06286800000000001,2,4,0,False,0.22
2023-04-13,0.06538,3,4,0,False,0.23
2023-04-14,0.062674,4,4,0,False,0.22
2023-04-15,0.063351,5,4,1,False,0.22
2023-04-16,0.06743500000000001,6,4,1,False,0.23
2023-04-17,0.066283,0,4,0,False,0.23
2023-04-18,0.062123,1,4,0,False,0.21
2023-04-19,0.064167,2,4,0,False,0.22
2023-04-20,0.06642699999999999,3,4,0,False,0.23
2023-04-21,0.063864,4,4,0,False,0.22
2023-04-22,0.059457,5,4,1,False,0.21
2023-04-23,0.062796,6,4,1,False,0.22
2023-04-24,0.06461599999999999,0,4,0,False,0.22
2023-04-25,0.064394,1,4,0,False,0.22
2023-04-26,0.059043,2,4,0,False,0.2
2023-04-27,0.06330999999999999,3,4,0,False,0.22
2023-04-28,0.060306,4,4,0,False,0.21
2023-04-29,0.062958,5,4,1,False,0.22
2023-04-30,0.066482,6,4,1,False,0.23
2023-05-01,0.065699,0,5,0,False,0.23
2023-05-02,0.061975999999999996,1,5,0,False,0.21
2023-05-03,0.065572,2,5,0,False,0.23
2023-05-04,0.062079,3,5,0,False,0.21
2023-05-05,0.063011,4,5,0,False,0.22
2023-05-06,0.063147,5,5,1,False,0.22
2023-05-07,0.064925,6,5,1,False,0.22
2023-05-08,0.062782,0,5,0,False,0.22
2023-05-09,0.061626,1,5,0,False,0.21
2023-05-10,0.060087,2,5,0,False,0.21
2023-05-11,0.061238,3,5,0,False,0.21
2023-05-12,0.062706,4,5,0,False,0.22
2023-05-13,0.058215,5,5,1,False,0.2
2023-05-14,0.060335,6,5,1,False,0.21
2023-05-15,0.064598,0,5,0,False,0.22
2023-05-16,0.067567,1,5,0,False,0.23
2023-05-17,0.063666,2,5,0,False,0.22
2023-05-18,0.065917,3,5,0,False,0.23
2023-05-19,0.065511,4,5,0,False,0.23
2023-05-20,0.06329699999999999,5,5,1,False,0.22
2023-05-21,0.063816,6,5,1,False,0.22
2023-05-22,0.06457299999999999,0,5,0,False,0.22
2023-05-23,0.059832,1,5,0,False,0.21
2023-05-24,0.066023,2,5,0,False,0.23
2023-05-25,0.060781999999999996,3,5,0,False,0.21
2023-05-26,0.062541,4,5,0,False,0.22
2023-05-27,0.06539700000000001,5,5,1,False,0.23
2023-05-28,0.063768,6,5,1,False,0.22
2023-05-29,0.06246,0,5,0,False,0.22
2023-05-30,0.06455799999999999,1,5,0,False,0.22
2023-05-31,0.067096,2,5,0,False,0.23
2023-06-01,0.06479299999999999,3,6,0,False,0.22
2023-06-02,0.064652,4,6,0,False,0.22
2023-06-03,0.064945,5,6,1,False,0.22
2023-06-04,0.063537,6,6,1,False,0.22
2023-06-05,0.0676,0,6,0,False,0.23
2023-06-06,0.061177,1,6,0,False,0.21
2023-06-07,0.067128,2,6,0,False,0.23
2023-06-08,0.06646099999999999,3,6,0,False,0.23
2023-06-09,0.061204,4,6,0,False,0.21
2023-06-10,0.064545,5,6,1,False,0.22
2023-06-11,0.063803,6,6,1,False,0.22
2023-06-12,0.063646,0,6,0,False,0.22
2023-06-13,0.066128,1,6,0,False,0.23
2023-06-14,0.06177,2,6,0,False,0.21
2023-06-15,0.062125,3,6,0,False,0.21
2023-06-16,0.067219,4,6,0,False,0.23
2023-06-17,0.064167,5,6,1,False,0.22
2023-06-18,0.061563,6,6,1,False,0.21
2023-06-19,0.064484,0,6,0,False,0.22
2023-06-20,0.063786,1,6,0,False,0.22
2023-06-21,0.060743000000000005,2,6,0,False,0.21
2023-06-22,0.06111,3,6,0,False,0.21
2023-06-23,0.06301699999999999,4,6,0,False,0.22
2023-06-24,0.062792,5,6,1,False,0.22
2023-06-25,0.063033,6,6,1,False,0.22
2023-06-26,0.06536,0,6,0,False,0.23
2023-06-27,0.068608,1,6,0,False,0.24
2023-06-28,0.060901,2,6,0,False,0.21
2023-06-29,0.066495,3,6,0,False,0.23
2023-06-30,0.061415,4,6,0,False,0.21
2023-07-01,0.059932,5,7,1,False,0.21
2023-07-02,0.063831,6,7,1,False,0.22
2023-07-03,0.063898,0,7,0,False,0.22
2023-07-04,0.06492400000000001,1,7,0,False,0.22
2023-07-05,0.063446,2,7,0,False,0.22
2023-07-06,0.064418,3,7,0,False,0.22
2023-07-07,0.064348,4,7,0,False,0.22
2023-07-08,0.063145,5,7,1,False,0.22
2023-07-09,0.066872,6,7,1,False,0.23
2023-07-10,0.066115,0,7,0,False,0.23
2023-07-11,0.067731,1,7,0,False,0.23
2023-07-12,0.064442,2,7,0,False,0.22
2023-07-13,0.066033,3,7,0,False,0.23
2023-07-14,0.061988,4,7,0,False,0.21
2023-07-15,0.063656,5,7,1,False,0.22
2023-07-16,0.065115,6,7,1,False,0.23
2023-07-17,0.057601,0,7,0,False,0.2
2023-07-18,0.060109,1,7,0,False,0.21
2023-07-19,0.062821,2,7,0,False,0.22
2023-07-20,0.062269,3,7,0,False,0.22
2023-07-21,0.06572599999999999,4,7,0,False,0.23
2023-07-22,0.064421,5,7,1,False,0.22
2023-07-23,0.06823699999999999,6,7,1,False,0.24
2023-07-24,0.06563200000000001,0,7,0,False,0.23
2023-07-25,0.065344,1,7,0,False,0.23
2023-07-26,0.060886,2,7,0,False,0.21
2023-07-27,0.062968,3,7,0,False,0.22
2023-07-28,0.066214,4,7,0,False,0.23
2023-07-29,0.06486,5,7,1,False,0.22
2023-07-30,0.061741,6,7,1,False,0.21
2023-07-31,0.062885,0,7,0,False,0.22
2023-08-01,0.036231,1,8,0,False,0.13
2023-08-02,0.042264,2,8,0,False,0.15
2023-08-03,0.041526,3,8,0,False,0.14
2023-08-04,0.038822,4,8,0,False,0.13
2023-08-05,0.040469,5,8,1,False,0.14
2023-08-06,0.040165,6,8,1,False,0.14
2023-08-07,0.040559,0,8,0,False,0.14
2023-08-08,0.03829,1,8,0,False,0.13
2023-08-09,0.037641,2,8,0,False,0.13
2023-08-10,0.041042,3,8,0,False,0.14
2023-08-11,0.040482,4,8,0,False,0.14
2023-08-12,0.040614,5,8,1,False,0.14
2023-08-13,0.03718,6,8,1,False,0.13
2023-08-14,0.038113999999999995,0,8,0,False,0.13
2023-08-15,0.040638,1,8,0,False,0.14
2023-08-16,0.038007,2,8,0,False,0.13
2023-08-17,0.041649,3,8,0,False,0.14
2023-08-18,0.037893,4,8,0,False,0.13
2023-08-19,0.038340000000000006,5,8,1,False,0.13
2023-08-20,0.040609,6,8,1,False,0.14
2023-08-21,0.039256,0,8,0,False,0.14
2023-08-22,0.040519,1,8,0,False,0.14
2023-08-23,0.040593000000000004,2,8,0,False,0.14
2023-08-24,0.03915,3,8,0,False,0.14
2023-08-25,0.040576,4,8,0,False,0.14
2023-08-26,0.038568,5,8,1,False,0.13
2023-08-27,0.039415,6,8,1,False,0.14
2023-08-28,0.039223999999999995,0,8,0,False,0.14
2023-08-29,0.037873,1,8,0,False,0.13
2023-08-30,0.041766,2,8,0,False,0.14
2023-08-31,0.038313,3,8,0,False,0.13
2023-09-01,0.038297,4,9,0,False,0.13
2023-09-02,0.039185000000000005,5,9,1,False,0.14
2023-09-03,0.03961,6,9,1,False,0.14
2023-09-04,0.040293999999999996,0,9,0,False,0.14
2023-09-05,0.039203,1,9,0,False,0.14
2023-09-06,0.041222999999999996,2,9,0,False,0.14
2023-09-07,0.041309,3,9,0,False,0.14
2023-09-08,0.041087000000000005,4,9,0,False,0.14
2023-09-09,0.036643,5,9,1,False,0.13
2023-09-10,0.03743,6,9,1,False,0.13
2023-09-11,0.042065,0,9,0,False,0.15
2023-09-12,0.040604,1,9,0,False,0.14
2023-09-13,0.041963,2,9,0,False,0.15
2023-09-14,0.040303,3,9,0,False,0.14
2023-09-15,0.039382,4,9,0,False,0.14
2023-09-16,0.040528,5,9,1,False,0.14
2023-09-17,0.040835,6,9,1,False,0.14
2023-09-18,0.039543,0,9,0,False,0.14
2023-09-19,0.039824,1,9,0,False,0.14
2023-09-20,0.041064,2,9,0,False,0.14
2023-09-21,0.038445,3,9,0,False,0.13
2023-09-22,0.040913,4,9,0,False,0.14
2023-09-23,0.038875,5,9,1,False,0.13
2023-09-24,0.038037999999999995,6,9,1,False,0.13
2023-09-25,0.040711,0,9,0,False,0.14
2023-09-26,0.039373,1,9,0,False,0.14
2023-09-27,0.039205,2,9,0,False,0.14
2023-09-28,0.036621,3,9,0,False,0.13
2023-09-29,0.038162,4,9,0,False,0.13
2023-09-30,0.040025,5,9,1,False,0.14
2023-10-01,0.038405,6,10,1,False,0.13
2023-10-02,0.038952,0,10,0,False,0.13
2023-10-03,0.039617000000000006,1,10,0,False,0.14
2023-10-04,0.038415,2,10,0,False,0.13
2023-10-05,0.040125,3,10,0,False,0.14
2023-10-06,0.039719000000000004,4,10,0,False,0.14
2023-10-07,0.039538,5,10,1,False,0.14
2023-10-08,0.039058999999999996,6,10,1,False,0.14
2023-10-09,0.039552,0,10,0,False,0.14
2023-10-10,0.040795000000000005,1,10,0,False,0.14
2023-10-11,0.038683999999999996,2,10,0,False,0.13
2023-10-12,0.038846000000000006,3,10,0,False,0.13
2023-10-13,0.038383,4,10,0,False,0.13
2023-10-14,0.039419,5,10,1,False,0.14
2023-10-15,0.037197,6,10,1,False,0.13
2023-10-16,0.040561,0,10,0,False,0.14
2023-10-17,0.038094,1,10,0,False,0.13
2023-10-18,0.040667999999999996,2,10,0,False,0.14
2023-10-19,0.038372,3,10,0,False,0.13
2023-10-20,0.039839999999999993,4,10,0,False,0.14
2023-10-21,0.038862,5,10,1,False,0.13
2023-10-22,0.039864,6,10,1,False,0.14
2023-10-23,0.040813,0,10,0,False,0.14
2023-10-24,0.038527,1,10,0,False,0.13
2023-10-25,0.040011000000000005,2,10,0,False,0.14
2023-10-26,0.040447000000000004,3,10,0,False,0.14
2023-10-27,0.036694000000000004,4,10,0,False,0.13
2023-10-28,0.039308,5,10,1,False,0.14
2023-10-29,0.038902,6,10,1,False,0.13
2023-10-30,0.039856,0,10,0,False,0.14
2023-10-31,0.038165,1,10,0,False,0.13
2023-11-01,0.039941000000000004,2,11,0,False,0.14
2023-11-02,0.041493,3,11,0,False,0.14
2023-11-03,0.041012,4,11,0,False,0.14
2023-11-04,0.040406,5,11,1,False,0.14
2023-11-05,0.040533,6,11,1,False,0.14
2023-11-06,0.040267000000000004,0,11,0,False,0.14
2023-11-07,0.03983,1,11,0,False,0.14
2023-11-08,0.039816000000000004,2,11,0,False,0.14
2023-11-09,0.041898000000000005,3,11,0,False,0.14
2023-11-10,0.03885,4,11,0,False,0.13
2023-11-11,0.037966,5,11,1,False,0.13
2023-11-12,0.038541000000000006,6,11,1,False,0.13
2023-11-13,0.039342,0,11,0,False,0.14
2023-11-14,0.040737,1,11,0,False,0.14
2023-11-15,0.038981,2,11,0,False,0.13
2023-11-16,0.039736,3,11,0,False,0.14
2023-11-17,0.040225000000000004,4,11,0,False,0.14
2023-11-18,0.041297,5,11,1,False,0.14
2023-11-19,0.041485999999999995,6,11,1,False,0.14
2023-11-20,0.038792,0,11,0,False,0.13
2023-11-21,0.039265999999999995,1,11,0,False,0.14
2023-11-22,0.038362,2,11,0,False,0.13
2023-11-23,0.042598,3,11,0,False,0.15
2023-11-24,0.041644999999999995,4,11,0,False,0.14
2023-11-25,0.040929,5,11,1,False,0.14
2023-11-26,0.040144,6,11,1,False,0.14
2023-11-27,0.041464,0,11,0,False,0.14
2023-11-28,0.037813,1,11,0,False,0.13
2023-11-29,0.042351,2,11,0,False,0.15
2023-11-30,0.038721000000000005,3,11,0,False,0.13
2023-12-01,0.038127,4,12,0,False,0.13
2023-12-02,0.040290999999999993,5,12,1,False,0.14
2023-12-03,0.040774,6,12,1,False,0.14
2023-12-04,0.039042,0,12,0,False,0.14
2023-12-05,0.038611,1,12,0,False,0.13
2023-12-06,0.04162,2,12,0,False,0.14
2023-12-07,0.039409999999999994,3,12,0,False,0.14
2023-12-08,0.039333,4,12,0,False,0.14
2023-12-09,0.040857,5,12,1,False,0.14
2023-12-10,0.038804000000000005,6,12,1,False,0.13
2023-12-11,0.042093,0,12,0,False,0.15
2023-12-12,0.042516,1,12,0,False,0.15
2023-12-13,0.038731,2,12,0,False,0.13
2023-12-14,0.038450000000000005,3,12,0,False,0.13
2023-12-15,0.039964999999999994,4,12,0,False,0.14
2023-12-16,0.039098,5,12,1,False,0.14
2023-12-17,0.037781999999999996,6,12,1,False,0.13
2023-12-18,0.039168999999999995,0,12,0,False,0.14
2023-12-19,0.039878,1,12,0,False,0.14
2023-12-20,0.038772,2,12,0,False,0.13
2023-12-21,0.039353,3,12,0,False,0.14
2023-12-22,0.041279,4,12,0,False,0.14
2023-12-23,0.040401,5,12,1,False,0.14
2023-12-24,0.038768000000000004,6,12,1,False,0.13
2023-12-25,0.036424,0,12,0,False,0.13
2023-12-26,0.040797,1,12,0,False,0.14
2023-12-27,0.037135,2,12,0,False,0.13
2023-12-28,0.038244999999999994,3,12,0,False,0.13
2023-12-29,0.037562,4,12,0,False,0.13
2023-12-30,0.040539,5,12,1,False,0.14
2023-12-31,0.000732,6,12,1,False,0.0
